RowName,InstrumentName,InstrumentTypeCategory,UpgradeName,Cost
1,Drums1,1,DRUM to get rid of,1000
2,Drums2,2,"Small Drum, Need out of House",2000
3,Drums3,3,1975 Drumster Fire *BRAND NEW*,3500
4,Guitar1,4,Bender '54 (slight damage),1000
5,Guitar2,5,Full Size Lagoon Guitar Bag,2000
6,Guitar3,6,Signed Gibby Guitar knob,3500
7,Bass1,7,Pro Fish Guitar 2023 ,1000
8,Bass2,8,Refurbished Grand Largemouth,2000
9,Bass3,9,Used Bass strings (Still in package),3500
10,Wild1,10,Big Piano (disassembled)  ,1000
11,Wild2,11,Piano hood (keys not included),2000
12,Wild3,12,White Satin Grand G6 Piano,3500
13,Drums1,1,DRUM to get rid of,1100
14,Drums2,2,"Small Drum, Need out of House",2200
15,Drums3,3,1975 Drumster Fire *BRAND NEW*,3850
16,Guitar1,4,Bender '54 (slight damage),1100
17,Guitar2,5,Full Size Lagoon Guitar Bag,2200
18,Guitar3,6,Signed Gibby Guitar knob,3850
19,Bass1,7,Pro Fish Guitar 2023 ,1100
20,Bass2,8,Refurbished Grand Largemouth,2200
21,Bass3,9,Used Bass strings (Still in package),3850
22,Wild1,10,Big Piano (disassembled)  ,1100
23,Wild2,11,Piano hood (keys not included),2200
24,Wild3,12,White Satin Grand G6 Piano,3850
25,Drums1,1,DRUM to get rid of,1210
26,Drums2,2,"Small Drum, Need out of House",2420
27,Drums3,3,1975 Drumster Fire *BRAND NEW*,4235
28,Guitar1,4,Bender '54 (slight damage),1210
29,Guitar2,5,Full Size Lagoon Guitar Bag,2420
30,Guitar3,6,Signed Gibby Guitar knob,4235
31,Bass1,7,Pro Fish Guitar 2023 ,1210
32,Bass2,8,Refurbished Grand Largemouth,2420
33,Bass3,9,Used Bass strings (Still in package),4235
34,Wild1,10,Big Piano (disassembled)  ,1210
35,Wild2,11,Piano hood (keys not included),2420
36,Wild3,12,White Satin Grand G6 Piano,4235
37,Drums1,1,DRUM to get rid of,1331
38,Drums2,2,"Small Drum, Need out of House",2662
39,Drums3,3,1975 Drumster Fire *BRAND NEW*,4659
40,Guitar1,4,Bender '54 (slight damage),1331
41,Guitar2,5,Full Size Lagoon Guitar Bag,2662
42,Guitar3,6,Signed Gibby Guitar knob,4659
43,Bass1,7,Pro Fish Guitar 2023 ,1331
44,Bass2,8,Refurbished Grand Largemouth,2662
45,Bass3,9,Used Bass strings (Still in package),4659
46,Wild1,10,Big Piano (disassembled)  ,1331
47,Wild2,11,Piano hood (keys not included),2662
48,Wild3,12,White Satin Grand G6 Piano,4659
49,Drums1,1,DRUM to get rid of,1464
50,Drums2,2,"Small Drum, Need out of House",2928
51,Drums3,3,1975 Drumster Fire *BRAND NEW*,5125
52,Guitar1,4,Bender '54 (slight damage),1464
53,Guitar2,5,Full Size Lagoon Guitar Bag,2928
54,Guitar3,6,Signed Gibby Guitar knob,5125
55,Bass1,7,Pro Fish Guitar 2023 ,1464
56,Bass2,8,Refurbished Grand Largemouth,2928
57,Bass3,9,Used Bass strings (Still in package),5125
58,Wild1,10,Big Piano (disassembled)  ,1464
59,Wild2,11,Piano hood (keys not included),2928
60,Wild3,12,White Satin Grand G6 Piano,5125
61,Drums1,1,DRUM to get rid of,1610
62,Drums2,2,"Small Drum, Need out of House",3221
63,Drums3,3,1975 Drumster Fire *BRAND NEW*,5638
64,Guitar1,4,Bender '54 (slight damage),1610
65,Guitar2,5,Full Size Lagoon Guitar Bag,3221
66,Guitar3,6,Signed Gibby Guitar knob,5638
67,Bass1,7,Pro Fish Guitar 2023 ,1610
68,Bass2,8,Refurbished Grand Largemouth,3221
69,Bass3,9,Used Bass strings (Still in package),5638
70,Wild1,10,Big Piano (disassembled)  ,1610
71,Wild2,11,Piano hood (keys not included),3221
72,Wild3,12,White Satin Grand G6 Piano,5638
73,Drums1,1,DRUM to get rid of,1771
74,Drums2,2,"Small Drum, Need out of House",3543
75,Drums3,3,1975 Drumster Fire *BRAND NEW*,6202
76,Guitar1,4,Bender '54 (slight damage),1771
77,Guitar2,5,Full Size Lagoon Guitar Bag,3543
78,Guitar3,6,Signed Gibby Guitar knob,6202
79,Bass1,7,Pro Fish Guitar 2023 ,1771
80,Bass2,8,Refurbished Grand Largemouth,3543
81,Bass3,9,Used Bass strings (Still in package),6202
82,Wild1,10,Big Piano (disassembled)  ,1771
83,Wild2,11,Piano hood (keys not included),3543
84,Wild3,12,White Satin Grand G6 Piano,6202
85,Drums1,1,DRUM to get rid of,1948
86,Drums2,2,"Small Drum, Need out of House",3897
87,Drums3,3,1975 Drumster Fire *BRAND NEW*,6822
88,Guitar1,4,Bender '54 (slight damage),1948
89,Guitar2,5,Full Size Lagoon Guitar Bag,3897
90,Guitar3,6,Signed Gibby Guitar knob,6822
91,Bass1,7,Pro Fish Guitar 2023 ,1948
92,Bass2,8,Refurbished Grand Largemouth,3897
93,Bass3,9,Used Bass strings (Still in package),6822
94,Wild1,10,Big Piano (disassembled)  ,1948
95,Wild2,11,Piano hood (keys not included),3897
96,Wild3,12,White Satin Grand G6 Piano,6822
97,Drums1,1,DRUM to get rid of,2143
98,Drums2,2,"Small Drum, Need out of House",4287
99,Drums3,3,1975 Drumster Fire *BRAND NEW*,7504
100,Guitar1,4,Bender '54 (slight damage),2143
101,Guitar2,5,Full Size Lagoon Guitar Bag,4287
102,Guitar3,6,Signed Gibby Guitar knob,7504
103,Bass1,7,Pro Fish Guitar 2023 ,2143
104,Bass2,8,Refurbished Grand Largemouth,4287
105,Bass3,9,Used Bass strings (Still in package),7504
106,Wild1,10,Big Piano (disassembled)  ,2143
107,Wild2,11,Piano hood (keys not included),4287
108,Wild3,12,White Satin Grand G6 Piano,7504
109,Drums1,1,DRUM to get rid of,2357
110,Drums2,2,"Small Drum, Need out of House",4716
111,Drums3,3,1975 Drumster Fire *BRAND NEW*,8254
112,Guitar1,4,Bender '54 (slight damage),2357
113,Guitar2,5,Full Size Lagoon Guitar Bag,4716
114,Guitar3,6,Signed Gibby Guitar knob,8254
115,Bass1,7,Pro Fish Guitar 2023 ,2357
116,Bass2,8,Refurbished Grand Largemouth,4716
117,Bass3,9,Used Bass strings (Still in package),8254
118,Wild1,10,Big Piano (disassembled)  ,2357
119,Wild2,11,Piano hood (keys not included),4716
120,Wild3,12,White Satin Grand G6 Piano,8254
121,Drums1,1,DRUM to get rid of,2593
122,Drums2,2,"Small Drum, Need out of House",5188
123,Drums3,3,1975 Drumster Fire *BRAND NEW*,9079
124,Guitar1,4,Bender '54 (slight damage),2593
125,Guitar2,5,Full Size Lagoon Guitar Bag,5188
126,Guitar3,6,Signed Gibby Guitar knob,9079
127,Bass1,7,Pro Fish Guitar 2023 ,2593
128,Bass2,8,Refurbished Grand Largemouth,5188
129,Bass3,9,Used Bass strings (Still in package),9079
130,Wild1,10,Big Piano (disassembled)  ,2593
131,Wild2,11,Piano hood (keys not included),5188
132,Wild3,12,White Satin Grand G6 Piano,9079
133,Drums1,1,DRUM to get rid of,2852
134,Drums2,2,"Small Drum, Need out of House",5707
135,Drums3,3,1975 Drumster Fire *BRAND NEW*,9987
136,Guitar1,4,Bender '54 (slight damage),2852
137,Guitar2,5,Full Size Lagoon Guitar Bag,5707
138,Guitar3,6,Signed Gibby Guitar knob,9987
139,Bass1,7,Pro Fish Guitar 2023 ,2852
140,Bass2,8,Refurbished Grand Largemouth,5707
141,Bass3,9,Used Bass strings (Still in package),9987
142,Wild1,10,Big Piano (disassembled)  ,2852
143,Wild2,11,Piano hood (keys not included),5707
144,Wild3,12,White Satin Grand G6 Piano,9987
145,Drums1,1,DRUM to get rid of,3137
146,Drums2,2,"Small Drum, Need out of House",6278
147,Drums3,3,1975 Drumster Fire *BRAND NEW*,10986
148,Guitar1,4,Bender '54 (slight damage),3137
149,Guitar2,5,Full Size Lagoon Guitar Bag,6278
150,Guitar3,6,Signed Gibby Guitar knob,10986
151,Bass1,7,Pro Fish Guitar 2023 ,3137
152,Bass2,8,Refurbished Grand Largemouth,6278
153,Bass3,9,Used Bass strings (Still in package),10986
154,Wild1,10,Big Piano (disassembled)  ,3137
155,Wild2,11,Piano hood (keys not included),6278
156,Wild3,12,White Satin Grand G6 Piano,10986
157,Drums1,1,DRUM to get rid of,3451
158,Drums2,2,"Small Drum, Need out of House",6906
159,Drums3,3,1975 Drumster Fire *BRAND NEW*,12085
160,Guitar1,4,Bender '54 (slight damage),3451
161,Guitar2,5,Full Size Lagoon Guitar Bag,6906
162,Guitar3,6,Signed Gibby Guitar knob,12085
163,Bass1,7,Pro Fish Guitar 2023 ,3451
164,Bass2,8,Refurbished Grand Largemouth,6906
165,Bass3,9,Used Bass strings (Still in package),12085
166,Wild1,10,Big Piano (disassembled)  ,3451
167,Wild2,11,Piano hood (keys not included),6906
168,Wild3,12,White Satin Grand G6 Piano,12085
169,Drums1,1,DRUM to get rid of,3796
170,Drums2,2,"Small Drum, Need out of House",7597
171,Drums3,3,1975 Drumster Fire *BRAND NEW*,13294
172,Guitar1,4,Bender '54 (slight damage),3796
173,Guitar2,5,Full Size Lagoon Guitar Bag,7597
174,Guitar3,6,Signed Gibby Guitar knob,13294
175,Bass1,7,Pro Fish Guitar 2023 ,3796
176,Bass2,8,Refurbished Grand Largemouth,7597
177,Bass3,9,Used Bass strings (Still in package),13294
178,Wild1,10,Big Piano (disassembled)  ,3796
179,Wild2,11,Piano hood (keys not included),7597
180,Wild3,12,White Satin Grand G6 Piano,13294
181,Drums1,1,DRUM to get rid of,4176
182,Drums2,2,"Small Drum, Need out of House",8357
183,Drums3,3,1975 Drumster Fire *BRAND NEW*,14623
184,Guitar1,4,Bender '54 (slight damage),4176
185,Guitar2,5,Full Size Lagoon Guitar Bag,8357
186,Guitar3,6,Signed Gibby Guitar knob,14623
187,Bass1,7,Pro Fish Guitar 2023 ,4176
188,Bass2,8,Refurbished Grand Largemouth,8357
189,Bass3,9,Used Bass strings (Still in package),14623
190,Wild1,10,Big Piano (disassembled)  ,4176
191,Wild2,11,Piano hood (keys not included),8357
192,Wild3,12,White Satin Grand G6 Piano,14623
193,Drums1,1,DRUM to get rid of,4594
194,Drums2,2,"Small Drum, Need out of House",9193
195,Drums3,3,1975 Drumster Fire *BRAND NEW*,16085
196,Guitar1,4,Bender '54 (slight damage),4594
197,Guitar2,5,Full Size Lagoon Guitar Bag,9193
198,Guitar3,6,Signed Gibby Guitar knob,16085
199,Bass1,7,Pro Fish Guitar 2023 ,4594
200,Bass2,8,Refurbished Grand Largemouth,9193
201,Bass3,9,Used Bass strings (Still in package),16085
202,Wild1,10,Big Piano (disassembled)  ,4594
203,Wild2,11,Piano hood (keys not included),9193
204,Wild3,12,White Satin Grand G6 Piano,16085
205,Drums1,1,DRUM to get rid of,5053
206,Drums2,2,"Small Drum, Need out of House",10112
207,Drums3,3,1975 Drumster Fire *BRAND NEW*,17694
208,Guitar1,4,Bender '54 (slight damage),5053
209,Guitar2,5,Full Size Lagoon Guitar Bag,10112
210,Guitar3,6,Signed Gibby Guitar knob,17694
211,Bass1,7,Pro Fish Guitar 2023 ,5053
212,Bass2,8,Refurbished Grand Largemouth,10112
213,Bass3,9,Used Bass strings (Still in package),17694
214,Wild1,10,Big Piano (disassembled)  ,5053
215,Wild2,11,Piano hood (keys not included),10112
216,Wild3,12,White Satin Grand G6 Piano,17694
217,Drums1,1,DRUM to get rid of,5558
218,Drums2,2,"Small Drum, Need out of House",11123
219,Drums3,3,1975 Drumster Fire *BRAND NEW*,19463
220,Guitar1,4,Bender '54 (slight damage),5558
221,Guitar2,5,Full Size Lagoon Guitar Bag,11123
222,Guitar3,6,Signed Gibby Guitar knob,19463
223,Bass1,7,Pro Fish Guitar 2023 ,5558
224,Bass2,8,Refurbished Grand Largemouth,11123
225,Bass3,9,Used Bass strings (Still in package),19463
226,Wild1,10,Big Piano (disassembled)  ,5558
227,Wild2,11,Piano hood (keys not included),11123
228,Wild3,12,White Satin Grand G6 Piano,19463
229,Drums1,1,DRUM to get rid of,6114
230,Drums2,2,"Small Drum, Need out of House",12235
231,Drums3,3,1975 Drumster Fire *BRAND NEW*,21409
232,Guitar1,4,Bender '54 (slight damage),6114
233,Guitar2,5,Full Size Lagoon Guitar Bag,12235
234,Guitar3,6,Signed Gibby Guitar knob,21409
235,Bass1,7,Pro Fish Guitar 2023 ,6114
236,Bass2,8,Refurbished Grand Largemouth,12235
237,Bass3,9,Used Bass strings (Still in package),21409
238,Wild1,10,Big Piano (disassembled)  ,6114
239,Wild2,11,Piano hood (keys not included),12235
240,Wild3,12,White Satin Grand G6 Piano,21409
241,Drums1,1,DRUM to get rid of,6725
242,Drums2,2,"Small Drum, Need out of House",13459
243,Drums3,3,1975 Drumster Fire *BRAND NEW*,23550
244,Guitar1,4,Bender '54 (slight damage),6725
245,Guitar2,5,Full Size Lagoon Guitar Bag,13459
246,Guitar3,6,Signed Gibby Guitar knob,23550
247,Bass1,7,Pro Fish Guitar 2023 ,6725
248,Bass2,8,Refurbished Grand Largemouth,13459
249,Bass3,9,Used Bass strings (Still in package),23550
250,Wild1,10,Big Piano (disassembled)  ,6725
251,Wild2,11,Piano hood (keys not included),13459
252,Wild3,12,White Satin Grand G6 Piano,23550
253,Drums1,1,DRUM to get rid of,7398
254,Drums2,2,"Small Drum, Need out of House",14805
255,Drums3,3,1975 Drumster Fire *BRAND NEW*,25905
256,Guitar1,4,Bender '54 (slight damage),7398
257,Guitar2,5,Full Size Lagoon Guitar Bag,14805
258,Guitar3,6,Signed Gibby Guitar knob,25905
259,Bass1,7,Pro Fish Guitar 2023 ,7398
260,Bass2,8,Refurbished Grand Largemouth,14805
261,Bass3,9,Used Bass strings (Still in package),25905
262,Wild1,10,Big Piano (disassembled)  ,7398
263,Wild2,11,Piano hood (keys not included),14805
264,Wild3,12,White Satin Grand G6 Piano,25905
265,Drums1,1,DRUM to get rid of,8138
266,Drums2,2,"Small Drum, Need out of House",16286
267,Drums3,3,1975 Drumster Fire *BRAND NEW*,28496
268,Guitar1,4,Bender '54 (slight damage),8138
269,Guitar2,5,Full Size Lagoon Guitar Bag,16286
270,Guitar3,6,Signed Gibby Guitar knob,28496
271,Bass1,7,Pro Fish Guitar 2023 ,8138
272,Bass2,8,Refurbished Grand Largemouth,16286
273,Bass3,9,Used Bass strings (Still in package),28496
274,Wild1,10,Big Piano (disassembled)  ,8138
275,Wild2,11,Piano hood (keys not included),16286
276,Wild3,12,White Satin Grand G6 Piano,28496
277,Drums1,1,DRUM to get rid of,8952
278,Drums2,2,"Small Drum, Need out of House",17915
279,Drums3,3,1975 Drumster Fire *BRAND NEW*,31346
280,Guitar1,4,Bender '54 (slight damage),8952
281,Guitar2,5,Full Size Lagoon Guitar Bag,17915
282,Guitar3,6,Signed Gibby Guitar knob,31346
283,Bass1,7,Pro Fish Guitar 2023 ,8952
284,Bass2,8,Refurbished Grand Largemouth,17915
285,Bass3,9,Used Bass strings (Still in package),31346
286,Wild1,10,Big Piano (disassembled)  ,8952
287,Wild2,11,Piano hood (keys not included),17915
288,Wild3,12,White Satin Grand G6 Piano,31346
289,Drums1,1,DRUM to get rid of,9847
290,Drums2,2,"Small Drum, Need out of House",19707
291,Drums3,3,1975 Drumster Fire *BRAND NEW*,34481
292,Guitar1,4,Bender '54 (slight damage),9847
293,Guitar2,5,Full Size Lagoon Guitar Bag,19707
294,Guitar3,6,Signed Gibby Guitar knob,34481
295,Bass1,7,Pro Fish Guitar 2023 ,9847
296,Bass2,8,Refurbished Grand Largemouth,19707
297,Bass3,9,Used Bass strings (Still in package),34481
298,Wild1,10,Big Piano (disassembled)  ,9847
299,Wild2,11,Piano hood (keys not included),19707
300,Wild3,12,White Satin Grand G6 Piano,34481
301,Drums1,1,DRUM to get rid of,10832
302,Drums2,2,"Small Drum, Need out of House",21678
303,Drums3,3,1975 Drumster Fire *BRAND NEW*,37929
304,Guitar1,4,Bender '54 (slight damage),10832
305,Guitar2,5,Full Size Lagoon Guitar Bag,21678
306,Guitar3,6,Signed Gibby Guitar knob,37929
307,Bass1,7,Pro Fish Guitar 2023 ,10832
308,Bass2,8,Refurbished Grand Largemouth,21678
309,Bass3,9,Used Bass strings (Still in package),37929
310,Wild1,10,Big Piano (disassembled)  ,10832
311,Wild2,11,Piano hood (keys not included),21678
312,Wild3,12,White Satin Grand G6 Piano,37929
313,Drums1,1,DRUM to get rid of,11915
314,Drums2,2,"Small Drum, Need out of House",23846
315,Drums3,3,1975 Drumster Fire *BRAND NEW*,41722
316,Guitar1,4,Bender '54 (slight damage),11915
317,Guitar2,5,Full Size Lagoon Guitar Bag,23846
318,Guitar3,6,Signed Gibby Guitar knob,41722
319,Bass1,7,Pro Fish Guitar 2023 ,11915
320,Bass2,8,Refurbished Grand Largemouth,23846
321,Bass3,9,Used Bass strings (Still in package),41722
322,Wild1,10,Big Piano (disassembled)  ,11915
323,Wild2,11,Piano hood (keys not included),23846
324,Wild3,12,White Satin Grand G6 Piano,41722
325,Drums1,1,DRUM to get rid of,13107
326,Drums2,2,"Small Drum, Need out of House",26231
327,Drums3,3,1975 Drumster Fire *BRAND NEW*,45894
328,Guitar1,4,Bender '54 (slight damage),13107
329,Guitar2,5,Full Size Lagoon Guitar Bag,26231
330,Guitar3,6,Signed Gibby Guitar knob,45894
331,Bass1,7,Pro Fish Guitar 2023 ,13107
332,Bass2,8,Refurbished Grand Largemouth,26231
333,Bass3,9,Used Bass strings (Still in package),45894
334,Wild1,10,Big Piano (disassembled)  ,13107
335,Wild2,11,Piano hood (keys not included),26231
336,Wild3,12,White Satin Grand G6 Piano,45894
337,Drums1,1,DRUM to get rid of,14418
338,Drums2,2,"Small Drum, Need out of House",28854
339,Drums3,3,1975 Drumster Fire *BRAND NEW*,50483
340,Guitar1,4,Bender '54 (slight damage),14418
341,Guitar2,5,Full Size Lagoon Guitar Bag,28854
342,Guitar3,6,Signed Gibby Guitar knob,50483
343,Bass1,7,Pro Fish Guitar 2023 ,14418
344,Bass2,8,Refurbished Grand Largemouth,28854
345,Bass3,9,Used Bass strings (Still in package),50483
346,Wild1,10,Big Piano (disassembled)  ,14418
347,Wild2,11,Piano hood (keys not included),28854
348,Wild3,12,White Satin Grand G6 Piano,50483
349,Drums1,1,DRUM to get rid of,15860
350,Drums2,2,"Small Drum, Need out of House",31739
351,Drums3,3,1975 Drumster Fire *BRAND NEW*,55531
352,Guitar1,4,Bender '54 (slight damage),15860
353,Guitar2,5,Full Size Lagoon Guitar Bag,31739
354,Guitar3,6,Signed Gibby Guitar knob,55531
355,Bass1,7,Pro Fish Guitar 2023 ,15860
356,Bass2,8,Refurbished Grand Largemouth,31739
357,Bass3,9,Used Bass strings (Still in package),55531
358,Wild1,10,Big Piano (disassembled)  ,15860
359,Wild2,11,Piano hood (keys not included),31739
360,Wild3,12,White Satin Grand G6 Piano,55531
361,Drums1,1,DRUM to get rid of,17446
362,Drums2,2,"Small Drum, Need out of House",34913
363,Drums3,3,1975 Drumster Fire *BRAND NEW*,61084
364,Guitar1,4,Bender '54 (slight damage),17446
365,Guitar2,5,Full Size Lagoon Guitar Bag,34913
366,Guitar3,6,Signed Gibby Guitar knob,61084
367,Bass1,7,Pro Fish Guitar 2023 ,17446
368,Bass2,8,Refurbished Grand Largemouth,34913
369,Bass3,9,Used Bass strings (Still in package),61084
370,Wild1,10,Big Piano (disassembled)  ,17446
371,Wild2,11,Piano hood (keys not included),34913
372,Wild3,12,White Satin Grand G6 Piano,61084
373,Drums1,1,DRUM to get rid of,19191
374,Drums2,2,"Small Drum, Need out of House",38404
375,Drums3,3,1975 Drumster Fire *BRAND NEW*,67192
376,Guitar1,4,Bender '54 (slight damage),19191
377,Guitar2,5,Full Size Lagoon Guitar Bag,38404
378,Guitar3,6,Signed Gibby Guitar knob,67192
379,Bass1,7,Pro Fish Guitar 2023 ,19191
380,Bass2,8,Refurbished Grand Largemouth,38404
381,Bass3,9,Used Bass strings (Still in package),67192
382,Wild1,10,Big Piano (disassembled)  ,19191
383,Wild2,11,Piano hood (keys not included),38404
384,Wild3,12,White Satin Grand G6 Piano,67192
385,Drums1,1,DRUM to get rid of,21110
386,Drums2,2,"Small Drum, Need out of House",42244
387,Drums3,3,1975 Drumster Fire *BRAND NEW*,73911
388,Guitar1,4,Bender '54 (slight damage),21110
389,Guitar2,5,Full Size Lagoon Guitar Bag,42244
390,Guitar3,6,Signed Gibby Guitar knob,73911
391,Bass1,7,Pro Fish Guitar 2023 ,21110
392,Bass2,8,Refurbished Grand Largemouth,42244
393,Bass3,9,Used Bass strings (Still in package),73911
394,Wild1,10,Big Piano (disassembled)  ,21110
395,Wild2,11,Piano hood (keys not included),42244
396,Wild3,12,White Satin Grand G6 Piano,73911
397,Drums1,1,DRUM to get rid of,23221
398,Drums2,2,"Small Drum, Need out of House",46468
399,Drums3,3,1975 Drumster Fire *BRAND NEW*,81302
400,Guitar1,4,Bender '54 (slight damage),23221
401,Guitar2,5,Full Size Lagoon Guitar Bag,46468
402,Guitar3,6,Signed Gibby Guitar knob,81302
403,Bass1,7,Pro Fish Guitar 2023 ,23221
404,Bass2,8,Refurbished Grand Largemouth,46468
405,Bass3,9,Used Bass strings (Still in package),81302
406,Wild1,10,Big Piano (disassembled)  ,23221
407,Wild2,11,Piano hood (keys not included),46468
408,Wild3,12,White Satin Grand G6 Piano,81302
409,Drums1,1,DRUM to get rid of,25543
410,Drums2,2,"Small Drum, Need out of House",51115
411,Drums3,3,1975 Drumster Fire *BRAND NEW*,89432
412,Guitar1,4,Bender '54 (slight damage),25543
413,Guitar2,5,Full Size Lagoon Guitar Bag,51115
414,Guitar3,6,Signed Gibby Guitar knob,89432
415,Bass1,7,Pro Fish Guitar 2023 ,25543
416,Bass2,8,Refurbished Grand Largemouth,51115
417,Bass3,9,Used Bass strings (Still in package),89432
418,Wild1,10,Big Piano (disassembled)  ,25543
419,Wild2,11,Piano hood (keys not included),51115
420,Wild3,12,White Satin Grand G6 Piano,89432
421,Drums1,1,DRUM to get rid of,28097
422,Drums2,2,"Small Drum, Need out of House",56227
423,Drums3,3,1975 Drumster Fire *BRAND NEW*,98375
424,Guitar1,4,Bender '54 (slight damage),28097
425,Guitar2,5,Full Size Lagoon Guitar Bag,56227
426,Guitar3,6,Signed Gibby Guitar knob,98375
427,Bass1,7,Pro Fish Guitar 2023 ,28097
428,Bass2,8,Refurbished Grand Largemouth,56227
429,Bass3,9,Used Bass strings (Still in package),98375
430,Wild1,10,Big Piano (disassembled)  ,28097
431,Wild2,11,Piano hood (keys not included),56227
432,Wild3,12,White Satin Grand G6 Piano,98375
433,Drums1,1,DRUM to get rid of,30907
434,Drums2,2,"Small Drum, Need out of House",61850
435,Drums3,3,1975 Drumster Fire *BRAND NEW*,108213
436,Guitar1,4,Bender '54 (slight damage),30907
437,Guitar2,5,Full Size Lagoon Guitar Bag,61850
438,Guitar3,6,Signed Gibby Guitar knob,108213
439,Bass1,7,Pro Fish Guitar 2023 ,30907
440,Bass2,8,Refurbished Grand Largemouth,61850
441,Bass3,9,Used Bass strings (Still in package),108213
442,Wild1,10,Big Piano (disassembled)  ,30907
443,Wild2,11,Piano hood (keys not included),61850
444,Wild3,12,White Satin Grand G6 Piano,108213
445,Drums1,1,DRUM to get rid of,33998
446,Drums2,2,"Small Drum, Need out of House",68035
447,Drums3,3,1975 Drumster Fire *BRAND NEW*,119034
448,Guitar1,4,Bender '54 (slight damage),33998
449,Guitar2,5,Full Size Lagoon Guitar Bag,68035
450,Guitar3,6,Signed Gibby Guitar knob,119034
451,Bass1,7,Pro Fish Guitar 2023 ,33998
452,Bass2,8,Refurbished Grand Largemouth,68035
453,Bass3,9,Used Bass strings (Still in package),119034
454,Wild1,10,Big Piano (disassembled)  ,33998
455,Wild2,11,Piano hood (keys not included),68035
456,Wild3,12,White Satin Grand G6 Piano,119034
457,Drums1,1,DRUM to get rid of,37398
458,Drums2,2,"Small Drum, Need out of House",74839
459,Drums3,3,1975 Drumster Fire *BRAND NEW*,130937
460,Guitar1,4,Bender '54 (slight damage),37398
461,Guitar2,5,Full Size Lagoon Guitar Bag,74839
462,Guitar3,6,Signed Gibby Guitar knob,130937
463,Bass1,7,Pro Fish Guitar 2023 ,37398
464,Bass2,8,Refurbished Grand Largemouth,74839
465,Bass3,9,Used Bass strings (Still in package),130937
466,Wild1,10,Big Piano (disassembled)  ,37398
467,Wild2,11,Piano hood (keys not included),74839
468,Wild3,12,White Satin Grand G6 Piano,130937
469,Drums1,1,DRUM to get rid of,41138
470,Drums2,2,"Small Drum, Need out of House",82323
471,Drums3,3,1975 Drumster Fire *BRAND NEW*,144031
472,Guitar1,4,Bender '54 (slight damage),41138
473,Guitar2,5,Full Size Lagoon Guitar Bag,82323
474,Guitar3,6,Signed Gibby Guitar knob,144031
475,Bass1,7,Pro Fish Guitar 2023 ,41138
476,Bass2,8,Refurbished Grand Largemouth,82323
477,Bass3,9,Used Bass strings (Still in package),144031
478,Wild1,10,Big Piano (disassembled)  ,41138
479,Wild2,11,Piano hood (keys not included),82323
480,Wild3,12,White Satin Grand G6 Piano,144031
481,Drums1,1,DRUM to get rid of,45252
482,Drums2,2,"Small Drum, Need out of House",90555
483,Drums3,3,1975 Drumster Fire *BRAND NEW*,158434
484,Guitar1,4,Bender '54 (slight damage),45252
485,Guitar2,5,Full Size Lagoon Guitar Bag,90555
486,Guitar3,6,Signed Gibby Guitar knob,158434
487,Bass1,7,Pro Fish Guitar 2023 ,45252
488,Bass2,8,Refurbished Grand Largemouth,90555
489,Bass3,9,Used Bass strings (Still in package),158434
490,Wild1,10,Big Piano (disassembled)  ,45252
491,Wild2,11,Piano hood (keys not included),90555
492,Wild3,12,White Satin Grand G6 Piano,158434
493,Drums1,1,DRUM to get rid of,49777
494,Drums2,2,"Small Drum, Need out of House",99611
495,Drums3,3,1975 Drumster Fire *BRAND NEW*,174277
496,Guitar1,4,Bender '54 (slight damage),49777
497,Guitar2,5,Full Size Lagoon Guitar Bag,99611
498,Guitar3,6,Signed Gibby Guitar knob,174277
499,Bass1,7,Pro Fish Guitar 2023 ,49777
500,Bass2,8,Refurbished Grand Largemouth,99611
501,Bass3,9,Used Bass strings (Still in package),174277
502,Wild1,10,Big Piano (disassembled)  ,49777
503,Wild2,11,Piano hood (keys not included),99611
504,Wild3,12,White Satin Grand G6 Piano,174277
505,Drums1,1,DRUM to get rid of,54755
506,Drums2,2,"Small Drum, Need out of House",109572
507,Drums3,3,1975 Drumster Fire *BRAND NEW*,191705
508,Guitar1,4,Bender '54 (slight damage),54755
509,Guitar2,5,Full Size Lagoon Guitar Bag,109572
510,Guitar3,6,Signed Gibby Guitar knob,191705
511,Bass1,7,Pro Fish Guitar 2023 ,54755
512,Bass2,8,Refurbished Grand Largemouth,109572
513,Bass3,9,Used Bass strings (Still in package),191705
514,Wild1,10,Big Piano (disassembled)  ,54755
515,Wild2,11,Piano hood (keys not included),109572
516,Wild3,12,White Satin Grand G6 Piano,191705
517,Drums1,1,DRUM to get rid of,60231
518,Drums2,2,"Small Drum, Need out of House",120529
519,Drums3,3,1975 Drumster Fire *BRAND NEW*,210876
520,Guitar1,4,Bender '54 (slight damage),60231
521,Guitar2,5,Full Size Lagoon Guitar Bag,120529
522,Guitar3,6,Signed Gibby Guitar knob,210876
523,Bass1,7,Pro Fish Guitar 2023 ,60231
524,Bass2,8,Refurbished Grand Largemouth,120529
525,Bass3,9,Used Bass strings (Still in package),210876
526,Wild1,10,Big Piano (disassembled)  ,60231
527,Wild2,11,Piano hood (keys not included),120529
528,Wild3,12,White Satin Grand G6 Piano,210876
529,Drums1,1,DRUM to get rid of,66254
530,Drums2,2,"Small Drum, Need out of House",132582
531,Drums3,3,1975 Drumster Fire *BRAND NEW*,231964
532,Guitar1,4,Bender '54 (slight damage),66254
533,Guitar2,5,Full Size Lagoon Guitar Bag,132582
534,Guitar3,6,Signed Gibby Guitar knob,231964
535,Bass1,7,Pro Fish Guitar 2023 ,66254
536,Bass2,8,Refurbished Grand Largemouth,132582
537,Bass3,9,Used Bass strings (Still in package),231964
538,Wild1,10,Big Piano (disassembled)  ,66254
539,Wild2,11,Piano hood (keys not included),132582
540,Wild3,12,White Satin Grand G6 Piano,231964
541,Drums1,1,DRUM to get rid of,72879
542,Drums2,2,"Small Drum, Need out of House",145840
543,Drums3,3,1975 Drumster Fire *BRAND NEW*,255160
544,Guitar1,4,Bender '54 (slight damage),72879
545,Guitar2,5,Full Size Lagoon Guitar Bag,145840
546,Guitar3,6,Signed Gibby Guitar knob,255160
547,Bass1,7,Pro Fish Guitar 2023 ,72879
548,Bass2,8,Refurbished Grand Largemouth,145840
549,Bass3,9,Used Bass strings (Still in package),255160
550,Wild1,10,Big Piano (disassembled)  ,72879
551,Wild2,11,Piano hood (keys not included),145840
552,Wild3,12,White Satin Grand G6 Piano,255160
553,Drums1,1,DRUM to get rid of,80167
554,Drums2,2,"Small Drum, Need out of House",160424
555,Drums3,3,1975 Drumster Fire *BRAND NEW*,280676
556,Guitar1,4,Bender '54 (slight damage),80167
557,Guitar2,5,Full Size Lagoon Guitar Bag,160424
558,Guitar3,6,Signed Gibby Guitar knob,280676
559,Bass1,7,Pro Fish Guitar 2023 ,80167
560,Bass2,8,Refurbished Grand Largemouth,160424
561,Bass3,9,Used Bass strings (Still in package),280676
562,Wild1,10,Big Piano (disassembled)  ,80167
563,Wild2,11,Piano hood (keys not included),160424
564,Wild3,12,White Satin Grand G6 Piano,280676
565,Drums1,1,DRUM to get rid of,88184
566,Drums2,2,"Small Drum, Need out of House",176466
567,Drums3,3,1975 Drumster Fire *BRAND NEW*,308744
568,Guitar1,4,Bender '54 (slight damage),88184
569,Guitar2,5,Full Size Lagoon Guitar Bag,176466
570,Guitar3,6,Signed Gibby Guitar knob,308744
571,Bass1,7,Pro Fish Guitar 2023 ,88184
572,Bass2,8,Refurbished Grand Largemouth,176466
573,Bass3,9,Used Bass strings (Still in package),308744
574,Wild1,10,Big Piano (disassembled)  ,88184
575,Wild2,11,Piano hood (keys not included),176466
576,Wild3,12,White Satin Grand G6 Piano,308744
577,Drums1,1,DRUM to get rid of,97002
578,Drums2,2,"Small Drum, Need out of House",194113
579,Drums3,3,1975 Drumster Fire *BRAND NEW*,339618
580,Guitar1,4,Bender '54 (slight damage),97002
581,Guitar2,5,Full Size Lagoon Guitar Bag,194113
582,Guitar3,6,Signed Gibby Guitar knob,339618
583,Bass1,7,Pro Fish Guitar 2023 ,97002
584,Bass2,8,Refurbished Grand Largemouth,194113
585,Bass3,9,Used Bass strings (Still in package),339618
586,Wild1,10,Big Piano (disassembled)  ,97002
587,Wild2,11,Piano hood (keys not included),194113
588,Wild3,12,White Satin Grand G6 Piano,339618
589,Drums1,1,DRUM to get rid of,106702
590,Drums2,2,"Small Drum, Need out of House",213524
591,Drums3,3,1975 Drumster Fire *BRAND NEW*,373580
592,Guitar1,4,Bender '54 (slight damage),106702
593,Guitar2,5,Full Size Lagoon Guitar Bag,213524
594,Guitar3,6,Signed Gibby Guitar knob,373580
595,Bass1,7,Pro Fish Guitar 2023 ,106702
596,Bass2,8,Refurbished Grand Largemouth,213524
597,Bass3,9,Used Bass strings (Still in package),373580
598,Wild1,10,Big Piano (disassembled)  ,106702
599,Wild2,11,Piano hood (keys not included),213524
600,Wild3,12,White Satin Grand G6 Piano,373580
601,Drums1,1,DRUM to get rid of,117372
602,Drums2,2,"Small Drum, Need out of House",234876
603,Drums3,3,1975 Drumster Fire *BRAND NEW*,410938
604,Guitar1,4,Bender '54 (slight damage),117372
605,Guitar2,5,Full Size Lagoon Guitar Bag,234876
606,Guitar3,6,Signed Gibby Guitar knob,410938
607,Bass1,7,Pro Fish Guitar 2023 ,117372
608,Bass2,8,Refurbished Grand Largemouth,234876
609,Bass3,9,Used Bass strings (Still in package),410938
610,Wild1,10,Big Piano (disassembled)  ,117372
611,Wild2,11,Piano hood (keys not included),234876
612,Wild3,12,White Satin Grand G6 Piano,410938
613,Drums1,1,DRUM to get rid of,129109
614,Drums2,2,"Small Drum, Need out of House",258364
615,Drums3,3,1975 Drumster Fire *BRAND NEW*,452032
616,Guitar1,4,Bender '54 (slight damage),129109
617,Guitar2,5,Full Size Lagoon Guitar Bag,258364
618,Guitar3,6,Signed Gibby Guitar knob,452032
619,Bass1,7,Pro Fish Guitar 2023 ,129109
620,Bass2,8,Refurbished Grand Largemouth,258364
621,Bass3,9,Used Bass strings (Still in package),452032
622,Wild1,10,Big Piano (disassembled)  ,129109
623,Wild2,11,Piano hood (keys not included),258364
624,Wild3,12,White Satin Grand G6 Piano,452032
625,Drums1,1,DRUM to get rid of,142020
626,Drums2,2,"Small Drum, Need out of House",284200
627,Drums3,3,1975 Drumster Fire *BRAND NEW*,497235
628,Guitar1,4,Bender '54 (slight damage),142020
629,Guitar2,5,Full Size Lagoon Guitar Bag,284200
630,Guitar3,6,Signed Gibby Guitar knob,497235
631,Bass1,7,Pro Fish Guitar 2023 ,142020
632,Bass2,8,Refurbished Grand Largemouth,284200
633,Bass3,9,Used Bass strings (Still in package),497235
634,Wild1,10,Big Piano (disassembled)  ,142020
635,Wild2,11,Piano hood (keys not included),284200
636,Wild3,12,White Satin Grand G6 Piano,497235
637,Drums1,1,DRUM to get rid of,156222
638,Drums2,2,"Small Drum, Need out of House",312620
639,Drums3,3,1975 Drumster Fire *BRAND NEW*,546959
640,Guitar1,4,Bender '54 (slight damage),156222
641,Guitar2,5,Full Size Lagoon Guitar Bag,312620
642,Guitar3,6,Signed Gibby Guitar knob,546959
643,Bass1,7,Pro Fish Guitar 2023 ,156222
644,Bass2,8,Refurbished Grand Largemouth,312620
645,Bass3,9,Used Bass strings (Still in package),546959
646,Wild1,10,Big Piano (disassembled)  ,156222
647,Wild2,11,Piano hood (keys not included),312620
648,Wild3,12,White Satin Grand G6 Piano,546959
649,Drums1,1,DRUM to get rid of,171844
650,Drums2,2,"Small Drum, Need out of House",343882
651,Drums3,3,1975 Drumster Fire *BRAND NEW*,601655
652,Guitar1,4,Bender '54 (slight damage),171844
653,Guitar2,5,Full Size Lagoon Guitar Bag,343882
654,Guitar3,6,Signed Gibby Guitar knob,601655
655,Bass1,7,Pro Fish Guitar 2023 ,171844
656,Bass2,8,Refurbished Grand Largemouth,343882
657,Bass3,9,Used Bass strings (Still in package),601655
658,Wild1,10,Big Piano (disassembled)  ,171844
659,Wild2,11,Piano hood (keys not included),343882
660,Wild3,12,White Satin Grand G6 Piano,601655
661,Drums1,1,DRUM to get rid of,189028
662,Drums2,2,"Small Drum, Need out of House",378270
663,Drums3,3,1975 Drumster Fire *BRAND NEW*,661821
664,Guitar1,4,Bender '54 (slight damage),189028
665,Guitar2,5,Full Size Lagoon Guitar Bag,378270
666,Guitar3,6,Signed Gibby Guitar knob,661821
667,Bass1,7,Pro Fish Guitar 2023 ,189028
668,Bass2,8,Refurbished Grand Largemouth,378270
669,Bass3,9,Used Bass strings (Still in package),661821
670,Wild1,10,Big Piano (disassembled)  ,189028
671,Wild2,11,Piano hood (keys not included),378270
672,Wild3,12,White Satin Grand G6 Piano,661821
673,Drums1,1,DRUM to get rid of,207931
674,Drums2,2,"Small Drum, Need out of House",416097
675,Drums3,3,1975 Drumster Fire *BRAND NEW*,728003
676,Guitar1,4,Bender '54 (slight damage),207931
677,Guitar2,5,Full Size Lagoon Guitar Bag,416097
678,Guitar3,6,Signed Gibby Guitar knob,728003
679,Bass1,7,Pro Fish Guitar 2023 ,207931
680,Bass2,8,Refurbished Grand Largemouth,416097
681,Bass3,9,Used Bass strings (Still in package),728003
682,Wild1,10,Big Piano (disassembled)  ,207931
683,Wild2,11,Piano hood (keys not included),416097
684,Wild3,12,White Satin Grand G6 Piano,728003
685,Drums1,1,DRUM to get rid of,228724
686,Drums2,2,"Small Drum, Need out of House",457707
687,Drums3,3,1975 Drumster Fire *BRAND NEW*,800803
688,Guitar1,4,Bender '54 (slight damage),228724
689,Guitar2,5,Full Size Lagoon Guitar Bag,457707
690,Guitar3,6,Signed Gibby Guitar knob,800803
691,Bass1,7,Pro Fish Guitar 2023 ,228724
692,Bass2,8,Refurbished Grand Largemouth,457707
693,Bass3,9,Used Bass strings (Still in package),800803
694,Wild1,10,Big Piano (disassembled)  ,228724
695,Wild2,11,Piano hood (keys not included),457707
696,Wild3,12,White Satin Grand G6 Piano,800803
697,Drums1,1,DRUM to get rid of,251596
698,Drums2,2,"Small Drum, Need out of House",503478
699,Drums3,3,1975 Drumster Fire *BRAND NEW*,880883
700,Guitar1,4,Bender '54 (slight damage),251596
701,Guitar2,5,Full Size Lagoon Guitar Bag,503478
702,Guitar3,6,Signed Gibby Guitar knob,880883
703,Bass1,7,Pro Fish Guitar 2023 ,251596
704,Bass2,8,Refurbished Grand Largemouth,503478
705,Bass3,9,Used Bass strings (Still in package),880883
706,Wild1,10,Big Piano (disassembled)  ,251596
707,Wild2,11,Piano hood (keys not included),503478
708,Wild3,12,White Satin Grand G6 Piano,880883
709,Drums1,1,DRUM to get rid of,276756
710,Drums2,2,"Small Drum, Need out of House",553826
711,Drums3,3,1975 Drumster Fire *BRAND NEW*,968971
712,Guitar1,4,Bender '54 (slight damage),276756
713,Guitar2,5,Full Size Lagoon Guitar Bag,553826
714,Guitar3,6,Signed Gibby Guitar knob,968971
715,Bass1,7,Pro Fish Guitar 2023 ,276756
716,Bass2,8,Refurbished Grand Largemouth,553826
717,Bass3,9,Used Bass strings (Still in package),968971
718,Wild1,10,Big Piano (disassembled)  ,276756
719,Wild2,11,Piano hood (keys not included),553826
720,Wild3,12,White Satin Grand G6 Piano,968971
721,Drums1,1,DRUM to get rid of,304432
722,Drums2,2,"Small Drum, Need out of House",609209
723,Drums3,3,1975 Drumster Fire *BRAND NEW*,1065868
724,Guitar1,4,Bender '54 (slight damage),304432
725,Guitar2,5,Full Size Lagoon Guitar Bag,609209
726,Guitar3,6,Signed Gibby Guitar knob,1065868
727,Bass1,7,Pro Fish Guitar 2023 ,304432
728,Bass2,8,Refurbished Grand Largemouth,609209
729,Bass3,9,Used Bass strings (Still in package),1065868
730,Wild1,10,Big Piano (disassembled)  ,304432
731,Wild2,11,Piano hood (keys not included),609209
732,Wild3,12,White Satin Grand G6 Piano,1065868
733,Drums1,1,DRUM to get rid of,334875
734,Drums2,2,"Small Drum, Need out of House",670130
735,Drums3,3,1975 Drumster Fire *BRAND NEW*,1172455
736,Guitar1,4,Bender '54 (slight damage),334875
737,Guitar2,5,Full Size Lagoon Guitar Bag,670130
738,Guitar3,6,Signed Gibby Guitar knob,1172455
739,Bass1,7,Pro Fish Guitar 2023 ,334875
740,Bass2,8,Refurbished Grand Largemouth,670130
741,Bass3,9,Used Bass strings (Still in package),1172455
742,Wild1,10,Big Piano (disassembled)  ,334875
743,Wild2,11,Piano hood (keys not included),670130
744,Wild3,12,White Satin Grand G6 Piano,1172455
745,Drums1,1,DRUM to get rid of,368363
746,Drums2,2,"Small Drum, Need out of House",737143
747,Drums3,3,1975 Drumster Fire *BRAND NEW*,1289701
748,Guitar1,4,Bender '54 (slight damage),368363
749,Guitar2,5,Full Size Lagoon Guitar Bag,737143
750,Guitar3,6,Signed Gibby Guitar knob,1289701
751,Bass1,7,Pro Fish Guitar 2023 ,368363
752,Bass2,8,Refurbished Grand Largemouth,737143
753,Bass3,9,Used Bass strings (Still in package),1289701
754,Wild1,10,Big Piano (disassembled)  ,368363
755,Wild2,11,Piano hood (keys not included),737143
756,Wild3,12,White Satin Grand G6 Piano,1289701
757,Drums1,1,DRUM to get rid of,405199
758,Drums2,2,"Small Drum, Need out of House",810857
759,Drums3,3,1975 Drumster Fire *BRAND NEW*,1418671
760,Guitar1,4,Bender '54 (slight damage),405199
761,Guitar2,5,Full Size Lagoon Guitar Bag,810857
762,Guitar3,6,Signed Gibby Guitar knob,1418671
763,Bass1,7,Pro Fish Guitar 2023 ,405199
764,Bass2,8,Refurbished Grand Largemouth,810857
765,Bass3,9,Used Bass strings (Still in package),1418671
766,Wild1,10,Big Piano (disassembled)  ,405199
767,Wild2,11,Piano hood (keys not included),810857
768,Wild3,12,White Satin Grand G6 Piano,1418671
769,Drums1,1,DRUM to get rid of,445719
770,Drums2,2,"Small Drum, Need out of House",891943
771,Drums3,3,1975 Drumster Fire *BRAND NEW*,1560538
772,Guitar1,4,Bender '54 (slight damage),445719
773,Guitar2,5,Full Size Lagoon Guitar Bag,891943
774,Guitar3,6,Signed Gibby Guitar knob,1560538
775,Bass1,7,Pro Fish Guitar 2023 ,445719
776,Bass2,8,Refurbished Grand Largemouth,891943
777,Bass3,9,Used Bass strings (Still in package),1560538
778,Wild1,10,Big Piano (disassembled)  ,445719
779,Wild2,11,Piano hood (keys not included),891943
780,Wild3,12,White Satin Grand G6 Piano,1560538
781,Drums1,1,DRUM to get rid of,490291
782,Drums2,2,"Small Drum, Need out of House",981137
783,Drums3,3,1975 Drumster Fire *BRAND NEW*,1716592
784,Guitar1,4,Bender '54 (slight damage),490291
785,Guitar2,5,Full Size Lagoon Guitar Bag,981137
786,Guitar3,6,Signed Gibby Guitar knob,1716592
787,Bass1,7,Pro Fish Guitar 2023 ,490291
788,Bass2,8,Refurbished Grand Largemouth,981137
789,Bass3,9,Used Bass strings (Still in package),1716592
790,Wild1,10,Big Piano (disassembled)  ,490291
791,Wild2,11,Piano hood (keys not included),981137
792,Wild3,12,White Satin Grand G6 Piano,1716592
793,Drums1,1,DRUM to get rid of,539320
794,Drums2,2,"Small Drum, Need out of House",1079251
795,Drums3,3,1975 Drumster Fire *BRAND NEW*,1888251
796,Guitar1,4,Bender '54 (slight damage),539320
797,Guitar2,5,Full Size Lagoon Guitar Bag,1079251
798,Guitar3,6,Signed Gibby Guitar knob,1888251
799,Bass1,7,Pro Fish Guitar 2023 ,539320
800,Bass2,8,Refurbished Grand Largemouth,1079251
801,Bass3,9,Used Bass strings (Still in package),1888251
802,Wild1,10,Big Piano (disassembled)  ,539320
803,Wild2,11,Piano hood (keys not included),1079251
804,Wild3,12,White Satin Grand G6 Piano,1888251
805,Drums1,1,DRUM to get rid of,593252
806,Drums2,2,"Small Drum, Need out of House",1187176
807,Drums3,3,1975 Drumster Fire *BRAND NEW*,2077076
808,Guitar1,4,Bender '54 (slight damage),593252
809,Guitar2,5,Full Size Lagoon Guitar Bag,1187176
810,Guitar3,6,Signed Gibby Guitar knob,2077076
811,Bass1,7,Pro Fish Guitar 2023 ,593252
812,Bass2,8,Refurbished Grand Largemouth,1187176
813,Bass3,9,Used Bass strings (Still in package),2077076
814,Wild1,10,Big Piano (disassembled)  ,593252
815,Wild2,11,Piano hood (keys not included),1187176
816,Wild3,12,White Satin Grand G6 Piano,2077076
817,Drums1,1,DRUM to get rid of,652577
818,Drums2,2,"Small Drum, Need out of House",1305894
819,Drums3,3,1975 Drumster Fire *BRAND NEW*,2284784
820,Guitar1,4,Bender '54 (slight damage),652577
821,Guitar2,5,Full Size Lagoon Guitar Bag,1305894
822,Guitar3,6,Signed Gibby Guitar knob,2284784
823,Bass1,7,Pro Fish Guitar 2023 ,652577
824,Bass2,8,Refurbished Grand Largemouth,1305894
825,Bass3,9,Used Bass strings (Still in package),2284784
826,Wild1,10,Big Piano (disassembled)  ,652577
827,Wild2,11,Piano hood (keys not included),1305894
828,Wild3,12,White Satin Grand G6 Piano,2284784
829,Drums1,1,DRUM to get rid of,717835
830,Drums2,2,"Small Drum, Need out of House",1436483
831,Drums3,3,1975 Drumster Fire *BRAND NEW*,2513262
832,Guitar1,4,Bender '54 (slight damage),717835
833,Guitar2,5,Full Size Lagoon Guitar Bag,1436483
834,Guitar3,6,Signed Gibby Guitar knob,2513262
835,Bass1,7,Pro Fish Guitar 2023 ,717835
836,Bass2,8,Refurbished Grand Largemouth,1436483
837,Bass3,9,Used Bass strings (Still in package),2513262
838,Wild1,10,Big Piano (disassembled)  ,717835
839,Wild2,11,Piano hood (keys not included),1436483
840,Wild3,12,White Satin Grand G6 Piano,2513262
841,Drums1,1,DRUM to get rid of,789619
842,Drums2,2,"Small Drum, Need out of House",1580131
843,Drums3,3,1975 Drumster Fire *BRAND NEW*,2764588
844,Guitar1,4,Bender '54 (slight damage),789619
845,Guitar2,5,Full Size Lagoon Guitar Bag,1580131
846,Guitar3,6,Signed Gibby Guitar knob,2764588
847,Bass1,7,Pro Fish Guitar 2023 ,789619
848,Bass2,8,Refurbished Grand Largemouth,1580131
849,Bass3,9,Used Bass strings (Still in package),2764588
850,Wild1,10,Big Piano (disassembled)  ,789619
851,Wild2,11,Piano hood (keys not included),1580131
852,Wild3,12,White Satin Grand G6 Piano,2764588
853,Drums1,1,DRUM to get rid of,868581
854,Drums2,2,"Small Drum, Need out of House",1738144
855,Drums3,3,1975 Drumster Fire *BRAND NEW*,3041047
856,Guitar1,4,Bender '54 (slight damage),868581
857,Guitar2,5,Full Size Lagoon Guitar Bag,1738144
858,Guitar3,6,Signed Gibby Guitar knob,3041047
859,Bass1,7,Pro Fish Guitar 2023 ,868581
860,Bass2,8,Refurbished Grand Largemouth,1738144
861,Bass3,9,Used Bass strings (Still in package),3041047
862,Wild1,10,Big Piano (disassembled)  ,868581
863,Wild2,11,Piano hood (keys not included),1738144
864,Wild3,12,White Satin Grand G6 Piano,3041047
865,Drums1,1,DRUM to get rid of,955439
866,Drums2,2,"Small Drum, Need out of House",1911958
867,Drums3,3,1975 Drumster Fire *BRAND NEW*,3345152
868,Guitar1,4,Bender '54 (slight damage),955439
869,Guitar2,5,Full Size Lagoon Guitar Bag,1911958
870,Guitar3,6,Signed Gibby Guitar knob,3345152
871,Bass1,7,Pro Fish Guitar 2023 ,955439
872,Bass2,8,Refurbished Grand Largemouth,1911958
873,Bass3,9,Used Bass strings (Still in package),3345152
874,Wild1,10,Big Piano (disassembled)  ,955439
875,Wild2,11,Piano hood (keys not included),1911958
876,Wild3,12,White Satin Grand G6 Piano,3345152
877,Drums1,1,DRUM to get rid of,1050983
878,Drums2,2,"Small Drum, Need out of House",2103154
879,Drums3,3,1975 Drumster Fire *BRAND NEW*,3679667
880,Guitar1,4,Bender '54 (slight damage),1050983
881,Guitar2,5,Full Size Lagoon Guitar Bag,2103154
882,Guitar3,6,Signed Gibby Guitar knob,3679667
883,Bass1,7,Pro Fish Guitar 2023 ,1050983
884,Bass2,8,Refurbished Grand Largemouth,2103154
885,Bass3,9,Used Bass strings (Still in package),3679667
886,Wild1,10,Big Piano (disassembled)  ,1050983
887,Wild2,11,Piano hood (keys not included),2103154
888,Wild3,12,White Satin Grand G6 Piano,3679667
889,Drums1,1,DRUM to get rid of,1156081
890,Drums2,2,"Small Drum, Need out of House",2313469
891,Drums3,3,1975 Drumster Fire *BRAND NEW*,4047634
892,Guitar1,4,Bender '54 (slight damage),1156081
893,Guitar2,5,Full Size Lagoon Guitar Bag,2313469
894,Guitar3,6,Signed Gibby Guitar knob,4047634
895,Bass1,7,Pro Fish Guitar 2023 ,1156081
896,Bass2,8,Refurbished Grand Largemouth,2313469
897,Bass3,9,Used Bass strings (Still in package),4047634
898,Wild1,10,Big Piano (disassembled)  ,1156081
899,Wild2,11,Piano hood (keys not included),2313469
900,Wild3,12,White Satin Grand G6 Piano,4047634
901,Drums1,1,DRUM to get rid of,1271689
902,Drums2,2,"Small Drum, Need out of House",2544816
903,Drums3,3,1975 Drumster Fire *BRAND NEW*,4452397
904,Guitar1,4,Bender '54 (slight damage),1271689
905,Guitar2,5,Full Size Lagoon Guitar Bag,2544816
906,Guitar3,6,Signed Gibby Guitar knob,4452397
907,Bass1,7,Pro Fish Guitar 2023 ,1271689
908,Bass2,8,Refurbished Grand Largemouth,2544816
909,Bass3,9,Used Bass strings (Still in package),4452397
910,Wild1,10,Big Piano (disassembled)  ,1271689
911,Wild2,11,Piano hood (keys not included),2544816
912,Wild3,12,White Satin Grand G6 Piano,4452397
913,Drums1,1,DRUM to get rid of,1398858
914,Drums2,2,"Small Drum, Need out of House",2799298
915,Drums3,3,1975 Drumster Fire *BRAND NEW*,4897637
916,Guitar1,4,Bender '54 (slight damage),1398858
917,Guitar2,5,Full Size Lagoon Guitar Bag,2799298
918,Guitar3,6,Signed Gibby Guitar knob,4897637
919,Bass1,7,Pro Fish Guitar 2023 ,1398858
920,Bass2,8,Refurbished Grand Largemouth,2799298
921,Bass3,9,Used Bass strings (Still in package),4897637
922,Wild1,10,Big Piano (disassembled)  ,1398858
923,Wild2,11,Piano hood (keys not included),2799298
924,Wild3,12,White Satin Grand G6 Piano,4897637
925,Drums1,1,DRUM to get rid of,1538744
926,Drums2,2,"Small Drum, Need out of House",3079228
927,Drums3,3,1975 Drumster Fire *BRAND NEW*,5387401
928,Guitar1,4,Bender '54 (slight damage),1538744
929,Guitar2,5,Full Size Lagoon Guitar Bag,3079228
930,Guitar3,6,Signed Gibby Guitar knob,5387401
931,Bass1,7,Pro Fish Guitar 2023 ,1538744
932,Bass2,8,Refurbished Grand Largemouth,3079228
933,Bass3,9,Used Bass strings (Still in package),5387401
934,Wild1,10,Big Piano (disassembled)  ,1538744
935,Wild2,11,Piano hood (keys not included),3079228
936,Wild3,12,White Satin Grand G6 Piano,5387401
937,Drums1,1,DRUM to get rid of,1692618
938,Drums2,2,"Small Drum, Need out of House",3387151
939,Drums3,3,1975 Drumster Fire *BRAND NEW*,5926141
940,Guitar1,4,Bender '54 (slight damage),1692618
941,Guitar2,5,Full Size Lagoon Guitar Bag,3387151
942,Guitar3,6,Signed Gibby Guitar knob,5926141
943,Bass1,7,Pro Fish Guitar 2023 ,1692618
944,Bass2,8,Refurbished Grand Largemouth,3387151
945,Bass3,9,Used Bass strings (Still in package),5926141
946,Wild1,10,Big Piano (disassembled)  ,1692618
947,Wild2,11,Piano hood (keys not included),3387151
948,Wild3,12,White Satin Grand G6 Piano,5926141
949,Drums1,1,DRUM to get rid of,1861880
950,Drums2,2,"Small Drum, Need out of House",3725866
951,Drums3,3,1975 Drumster Fire *BRAND NEW*,6518755
952,Guitar1,4,Bender '54 (slight damage),1861880
953,Guitar2,5,Full Size Lagoon Guitar Bag,3725866
954,Guitar3,6,Signed Gibby Guitar knob,6518755
955,Bass1,7,Pro Fish Guitar 2023 ,1861880
956,Bass2,8,Refurbished Grand Largemouth,3725866
957,Bass3,9,Used Bass strings (Still in package),6518755
958,Wild1,10,Big Piano (disassembled)  ,1861880
959,Wild2,11,Piano hood (keys not included),3725866
960,Wild3,12,White Satin Grand G6 Piano,6518755
961,Drums1,1,DRUM to get rid of,2048068
962,Drums2,2,"Small Drum, Need out of House",4098453
963,Drums3,3,1975 Drumster Fire *BRAND NEW*,7170631
964,Guitar1,4,Bender '54 (slight damage),2048068
965,Guitar2,5,Full Size Lagoon Guitar Bag,4098453
966,Guitar3,6,Signed Gibby Guitar knob,7170631
967,Bass1,7,Pro Fish Guitar 2023 ,2048068
968,Bass2,8,Refurbished Grand Largemouth,4098453
969,Bass3,9,Used Bass strings (Still in package),7170631
970,Wild1,10,Big Piano (disassembled)  ,2048068
971,Wild2,11,Piano hood (keys not included),4098453
972,Wild3,12,White Satin Grand G6 Piano,7170631
973,Drums1,1,DRUM to get rid of,2252875
974,Drums2,2,"Small Drum, Need out of House",4508298
975,Drums3,3,1975 Drumster Fire *BRAND NEW*,7887694
976,Guitar1,4,Bender '54 (slight damage),2252875
977,Guitar2,5,Full Size Lagoon Guitar Bag,4508298
978,Guitar3,6,Signed Gibby Guitar knob,7887694
979,Bass1,7,Pro Fish Guitar 2023 ,2252875
980,Bass2,8,Refurbished Grand Largemouth,4508298
981,Bass3,9,Used Bass strings (Still in package),7887694
982,Wild1,10,Big Piano (disassembled)  ,2252875
983,Wild2,11,Piano hood (keys not included),4508298
984,Wild3,12,White Satin Grand G6 Piano,7887694
985,Drums1,1,DRUM to get rid of,2478163
986,Drums2,2,"Small Drum, Need out of House",4959128
987,Drums3,3,1975 Drumster Fire *BRAND NEW*,8676463
988,Guitar1,4,Bender '54 (slight damage),2478163
989,Guitar2,5,Full Size Lagoon Guitar Bag,4959128
990,Guitar3,6,Signed Gibby Guitar knob,8676463
991,Bass1,7,Pro Fish Guitar 2023 ,2478163
992,Bass2,8,Refurbished Grand Largemouth,4959128
993,Bass3,9,Used Bass strings (Still in package),8676463
994,Wild1,10,Big Piano (disassembled)  ,2478163
995,Wild2,11,Piano hood (keys not included),4959128
996,Wild3,12,White Satin Grand G6 Piano,8676463